Workbook
Name NativeTimeline_Transaction_Date: #N/A
Name Slicer_Product_Category: #N/A
Name Slicer_Region: #N/A

Sheet DataRaw
A1: Order_ID | B1: Customer_Name | C1: Product_Code | D1: Transaction_Date | E1: Sales_Value | F1: Region_Code
A2: TRX518 | B2: Andi wijaya | C2: KD-MON-02 | D2: 46023 | F2: R-03
A3: TRX833 | B3: budi santoso | C3: KD-KBD-02 | D3: 46024 | F3: R-02
A4: TRX638 | B4: Eko Purnomo | C4: KD-LPT-02 | D4: 46025 | F4: R-02
A5: TRX196 | B5: Andi wijaya | C5: KD-KBD-02 | D5: 46026 | F5: R-01
A6: TRX370 | B6: Siti Aminah | C6: KD-LPT-03 | D6: 46027 | F6: R-01
A7: TRX467 | B7: Eko Purnomo | C7: KD-LPT-02 | D7: 46028 | F7: R-03
A8: TRX159 | B8: Andi wijaya | C8: KD-KBD-01 | D8: 46029 | E8: 7604852 | F8: R-04
A9: TRX747 | B9: Eko Purnomo | C9: KD-LPT-02 | D9: 46030 | E9: 5181505 | F9: R-01
A10: TRX823 | B10: Eko Purnomo | C10: KD-LPT-03 | D10: 46031 | E10: 14153367 | F10: R-04
A11: TRX821 | B11: budi santoso | C11: KD-LPT-01 | D11: 46032 | E11: 18744107 | F11: R-01
A12: TRX658 | C12: KD-LPT-02 | D12: 46033 | E12: 4721373 | F12: R-02
A13: TRX804 | B13: Andi wijaya | C13: KD-KBD-01 | D13: 46034 | E13: 6219877 | F13: R-02
A14: TRX261 | B14: budi santoso | C14: KD-KBD-01 | D14: 46035 | E14: 3544769 | F14: R-03
A15: TRX919 | B15: Eko Purnomo | C15: KD-PRN-01 | D15: 46036 | E15: 9380351 | F15: R-02
A16: TRX417 | B16: Andi wijaya | C16: KD-LPT-03 | D16: 46037 | E16: 303355 | F16: R-02
A17: TRX861 | B17: Siti Aminah | C17: KD-PRN-02 | D17: 46038 | E17: 16164436 | F17: R-01
A18: TRX427 | B18: Eko Purnomo | C18: KD-MON-02 | D18: 46039 | E18: 1462752 | F18: R-01
A19: TRX956 | B19: Siti Aminah | C19: KD-MON-01 | D19: 46040 | E19: 9984633 | F19: R-01
A20: TRX114 | B20: DEWI LESTARI | C20: KD-LPT-02 | D20: 46041 | E20: 5864789 | F20: R-02
A21: TRX830 | B21: Andi wijaya | C21: KD-LPT-03 | D21: 46042 | E21: 9895979 | F21: R-03
A22: TRX398 | B22: Eko Purnomo | C22: KD-MON-01 | D22: 46043 | E22: 9505648 | F22: R-04
A23: TRX769 | B23: Siti Aminah | C23: KD-LPT-01 | D23: 46044 | E23: 5943066 | F23: R-03
A24: TRX363 | B24: DEWI LESTARI | C24: KD-MON-01 | D24: 46045 | E24: 10842490 | F24: R-04
... A101: TRX726 | B101: Eko Purnomo | C101: KD-LPT-01 | D101: 46122 | E101: 13272482 | F101: R-03

Sheet DataCleaning
A1: Order_ID | B1: Customer_Name | C1: Product_Code | D1: Transaction_Date | E1: Sales_Value | F1: Region_Code
A2: TRX518 | B2: Andi Wijaya | C2: KD-MON-02 | D2: 46023 | E2: 11628388 | F2: R-03
A3: TRX833 | B3: Budi Santoso | C3: KD-KBD-02 | D3: 46024 | E3: 9409891.2 | F3: R-02
A4: TRX638 | B4: Eko Purnomo | C4: KD-LPT-02 | D4: 46025 | E4: 9409891.2 | F4: R-02
A5: TRX196 | B5: Andi Wijaya | C5: KD-KBD-02 | D5: 46026 | E5: 8111595.8 | F5: R-01
A6: TRX370 | B6: Siti Aminah | C6: KD-LPT-03 | D6: 46027 | E6: 8111595.8 | F6: R-01
A7: TRX467 | B7: Eko Purnomo | C7: KD-LPT-02 | D7: 46028 | E7: 11628388 | F7: R-03
A8: TRX159 | B8: Andi Wijaya | C8: KD-KBD-01 | D8: 46029 | E8: 7604852 | F8: R-04
A9: TRX747 | B9: Eko Purnomo | C9: KD-LPT-02 | D9: 46030 | E9: 5181505 | F9: R-01
A10: TRX823 | B10: Eko Purnomo | C10: KD-LPT-03 | D10: 46031 | E10: 14153367 | F10: R-04
A11: TRX821 | B11: Budi Santoso | C11: KD-LPT-01 | D11: 46032 | E11: 18744107 | F11: R-01
A12: TRX658 | B12: Unknown | C12: KD-LPT-02 | D12: 46033 | E12: 4721373 | F12: R-02
A13: TRX804 | B13: Andi Wijaya | C13: KD-KBD-01 | D13: 46034 | E13: 6219877 | F13: R-02
... A101: TRX726 | B101: Eko Purnomo | C101: KD-LPT-01 | D101: 46122 | E101: 13272482 | F101: R-03

Sheet DataEnrichment
A1: Order_ID | B1: Customer_Name | C1: Product_Code | D1: Product_Name | E1: Product_Category | F1: Transaction_Date | G1: Sales_Value | H1: Region_Code | I1: Region
A2: TRX518 | B2: Andi Wijaya | C2: KD-MON-02 | D2: =VLOOKUP(C2,RefProd!$A$2:$C$12,2,0) -> Monitor 27 inch | E2: =VLOOKUP(C2,RefProd!$A$2:$C$12,3,0) -> Monitor | F2: 46023 | G2: 11628388 | H2: R-03 | I2: =VLOOKUP(H2,RefRegion!$A$2:$B$5,2,0) -> Medan
A3: TRX833 | B3: Budi Santoso | C3: KD-KBD-02 | D3: =VLOOKUP(C3,RefProd!$A$2:$C$12,2,0) -> Keyboard Wireless | E3: =VLOOKUP(C3,RefProd!$A$2:$C$12,3,0) -> Keyboard | F3: 46024 | G3: 9409891.2 | H3: R-02 | I3: =VLOOKUP(H3,RefRegion!$A$2:$B$5,2,0) -> Surabaya
A4: TRX638 | B4: Eko Purnomo | C4: KD-LPT-02 | D4: =VLOOKUP(C4,RefProd!$A$2:$C$12,2,0) -> Laptop RTY | E4: =VLOOKUP(C4,RefProd!$A$2:$C$12,3,0) -> Laptop | F4: 46025 | G4: 9409891.2 | H4: R-02 | I4: =VLOOKUP(H4,RefRegion!$A$2:$B$5,2,0) -> Surabaya
A5: TRX196 | B5: Andi Wijaya | C5: KD-KBD-02 | D5: =VLOOKUP(C5,RefProd!$A$2:$C$12,2,0) -> Keyboard Wireless | E5: =VLOOKUP(C5,RefProd!$A$2:$C$12,3,0) -> Keyboard | F5: 46026 | G5: 8111595.8 | H5: R-01 | I5: =VLOOKUP(H5,RefRegion!$A$2:$B$5,2,0) -> Jakarta
A6: TRX370 | B6: Siti Aminah | C6: KD-LPT-03 | D6: =VLOOKUP(C6,RefProd!$A$2:$C$12,2,0) -> Laptop QWE | E6: =VLOOKUP(C6,RefProd!$A$2:$C$12,3,0) -> Laptop | F6: 46027 | G6: 8111595.8 | H6: R-01 | I6: =VLOOKUP(H6,RefRegion!$A$2:$B$5,2,0) -> Jakarta
A7: TRX467 | B7: Eko Purnomo | C7: KD-LPT-02 | D7: =VLOOKUP(C7,RefProd!$A$2:$C$12,2,0) -> Laptop RTY | E7: =VLOOKUP(C7,RefProd!$A$2:$C$12,3,0) -> Laptop | F7: 46028 | G7: 11628388 | H7: R-03 | I7: =VLOOKUP(H7,RefRegion!$A$2:$B$5,2,0) -> Medan
A8: TRX159 | B8: Andi Wijaya | C8: KD-KBD-01 | D8: =VLOOKUP(C8,RefProd!$A$2:$C$12,2,0) -> Keyboard Mechanical | E8: =VLOOKUP(C8,RefProd!$A$2:$C$12,3,0) -> Keyboard | F8: 46029 | G8: 7604852 | H8: R-04 | I8: =VLOOKUP(H8,RefRegion!$A$2:$B$5,2,0) -> Makassar
A9: TRX747 | B9: Eko Purnomo | C9: KD-LPT-02 | D9: =VLOOKUP(C9,RefProd!$A$2:$C$12,2,0) -> Laptop RTY | E9: =VLOOKUP(C9,RefProd!$A$2:$C$12,3,0) -> Laptop | F9: 46030 | G9: 5181505 | H9: R-01 | I9: =VLOOKUP(H9,RefRegion!$A$2:$B$5,2,0) -> Jakarta
A10: TRX823 | B10: Eko Purnomo | C10: KD-LPT-03 | D10: =VLOOKUP(C10,RefProd!$A$2:$C$12,2,0) -> Laptop QWE | E10: =VLOOKUP(C10,RefProd!$A$2:$C$12,3,0) -> Laptop | F10: 46031 | G10: 14153367 | H10: R-04 | I10: =VLOOKUP(H10,RefRegion!$A$2:$B$5,2,0) -> Makassar
A11: TRX821 | B11: Budi Santoso | C11: KD-LPT-01 | D11: =VLOOKUP(C11,RefProd!$A$2:$C$12,2,0) -> Laptop XYZ | E11: =VLOOKUP(C11,RefProd!$A$2:$C$12,3,0) -> Laptop | F11: 46032 | G11: 18744107 | H11: R-01 | I11: =VLOOKUP(H11,RefRegion!$A$2:$B$5,2,0) -> Jakarta
A12: TRX658 | B12: Unknown | C12: KD-LPT-02 | D12: =VLOOKUP(C12,RefProd!$A$2:$C$12,2,0) -> Laptop RTY | E12: =VLOOKUP(C12,RefProd!$A$2:$C$12,3,0) -> Laptop | F12: 46033 | G12: 4721373 | H12: R-02 | I12: =VLOOKUP(H12,RefRegion!$A$2:$B$5,2,0) -> Surabaya
A13: TRX804 | B13: Andi Wijaya | C13: KD-KBD-01 | D13: =VLOOKUP(C13,RefProd!$A$2:$C$12,2,0) -> Keyboard Mechanical | E13: =VLOOKUP(C13,RefProd!$A$2:$C$12,3,0) -> Keyboard | F13: 46034 | G13: 6219877 | H13: R-02 | I13: =VLOOKUP(H13,RefRegion!$A$2:$B$5,2,0) -> Surabaya
... A101: TRX726 | B101: Eko Purnomo | C101: KD-LPT-01 | D101: =VLOOKUP(C101,RefProd!$A$2:$C$12,2,0) -> Laptop XYZ | E101: =VLOOKUP(C101,RefProd!$A$2:$C$12,3,0) -> Laptop | F101: 46122 | G101: 13272482 | H101: R-03 | I101: =VLOOKUP(H101,RefRegion!$A$2:$B$5,2,0) -> Medan

Sheet PRegion&Date
A3: Sum of Sales_Value | B3: Column Labels
A4: Row Labels | B4: Jakarta | C4: Makassar | D4: Medan | E4: Surabaya | F4: Grand Total
A5: Jan | B5: 70389013 | C5: 47453938 | D5: 97796457 | E5: 61610296 | F5: 2.772497e+08
A6: Feb | B6: 59180178 | C6: 81622400 | D6: 80429553 | E6: 99369558 | F6: 320601689
A7: Mar | B7: 81255893 | C7: 90568974 | D7: 90797166 | E7: 46037751 | F7: 308659784
A8: Apr | B8: 8188004 | C8: 34828955 | D8: 68200082 | F8: 111217041
A9: Grand Total | B9: 2.1901309e+08 | C9: 254474267 | D9: 3.3722326e+08 | E9: 2.0701761e+08 | F9: 1.0177282e+09

Sheet PRegion&Product
A3: Sum of Sales_Value | B3: Column Labels
A4: Row Labels | B4: Jakarta | C4: Makassar | D4: Medan | E4: Surabaya | F4: Grand Total
A5: Keyboard | B5: 45942432 | C5: 47260591 | D5: 50929849 | E5: 35435746 | F5: 1.7956862e+08
A6: Laptop | B6: 93835188 | C6: 49802848 | D6: 79810467 | E6: 78647476 | F6: 3.0209598e+08
A7: Monitor | B7: 32527050 | C7: 76789216 | D7: 64629077 | E7: 32252291 | F7: 2.0619763e+08
A8: Mouse | B8: 23945996 | C8: 36681085 | D8: 81405856 | E8: 40155644 | F8: 182188581
A9: Printer | B9: 22762422 | C9: 43940527 | D9: 60448009 | E9: 20526448 | F9: 147677406
A10: Grand Total | B10: 2.1901309e+08 | C10: 254474267 | D10: 3.3722326e+08 | E10: 2.0701761e+08 | F10: 1.0177282e+09

Sheet PDate
A3: Row Labels | B3: Sum of Sales_Value
A4: Jan | B4: 2.772497e+08
A5: Feb | B5: 320601689
A6: Mar | B6: 308659784
A7: Apr | B7: 111217041
A8: Grand Total | B8: 1.0177282e+09

Sheet Dashboard
A1: Dashboard Profit

Sheet AlurKerja
B2: Alur kerja:
B3: 1. Cleaning Data: merapikan data, handle missing value, handle duplicate data
B4: 2. Enrichment Data: lookup value
B5: 3. Data Analysis: dashboard
B7: Cleaning Data
B8: 1. handle missing value kolom customer
B9: a. buat kolom baru di samping kanan
B10: b. gunakan `=if(isblank(cellCustomer);"Unknown";cellCustomer)
B11: c. copy kolom customer baru dan paste value
B12: d. hapus kolom customer lama
B13: 2. handle missing value kolom sales_value
B14: a. buat kolom baru di samping kanan
... B53: 5. tambah slicer dan timeline untuk interaktivitas

Sheet RefProd
A1: Product_Code | B1: Product_Name | C1: Category
A2: KD-LPT-01 | B2: Laptop XYZ | C2: Laptop
A3: KD-LPT-02 | B3: Laptop RTY | C3: Laptop
A4: KD-LPT-03 | B4: Laptop QWE | C4: Laptop
A5: KD-MSE-01 | B5: Mouse Optik A | C5: Mouse
A6: KD-MSE-02 | B6: Mouse Gaming B | C6: Mouse
A7: KD-MON-01 | B7: Monitor 24 inch | C7: Monitor
A8: KD-MON-02 | B8: Monitor 27 inch | C8: Monitor
A9: KD-KBD-01 | B9: Keyboard Mechanical | C9: Keyboard
A10: KD-KBD-02 | B10: Keyboard Wireless | C10: Keyboard
A11: KD-PRN-01 | B11: Printer Laser | C11: Printer
A12: KD-PRN-02 | B12: Printer Inkjet | C12: Printer

Sheet RefRegion
A1: Region_Code | B1: Region_Name
A2: R-01 | B2: Jakarta
A3: R-02 | B3: Surabaya
A4: R-03 | B4: Medan
A5: R-04 | B5: Makassar
